case_id,trader_id,symbol,days_before_news,volume_spike_ratio,price_correlation,holding_period_days,account_concentration,prior_trading_avg_volume,trade_amount_usd,is_insider_trading
SEC-2019-001,TRADER_A,MSFT,2,8.5,0.92,14,0.78,50000,2400000,1
SEC-2019-002,TRADER_B,GOOG,3,6.2,0.88,21,0.65,75000,1800000,1
SEC-2019-003,TRADER_C,AAPL,1,9.1,0.95,7,0.85,45000,3200000,1
SEC-2019-004,TRADER_D,FB,4,4.3,0.71,35,0.45,120000,950000,0
SEC-2019-005,TRADER_E,AMZN,2,7.8,0.89,11,0.72,60000,2100000,1
SEC-2019-006,TRADER_F,TSLA,1,10.2,0.96,5,0.88,35000,2800000,1
SEC-2019-007,TRADER_G,NFLX,5,3.1,0.58,45,0.38,150000,650000,0
SEC-2019-008,TRADER_H,JPM,3,6.9,0.87,18,0.68,70000,1950000,1
SEC-2019-009,TRADER_I,GS,2,7.5,0.90,12,0.75,55000,2250000,1
SEC-2019-010,TRADER_J,BAC,4,4.1,0.62,38,0.42,130000,800000,0
SEC-2020-001,TRADER_K,PYPL,2,8.8,0.93,13,0.80,48000,2500000,1
SEC-2020-002,TRADER_L,SQ,1,9.5,0.94,8,0.86,38000,3100000,1
SEC-2020-003,TRADER_M,ZOOM,3,6.5,0.85,22,0.63,80000,1750000,1
SEC-2020-004,TRADER_N,NVDA,2,7.2,0.88,16,0.70,65000,2050000,1
SEC-2020-005,TRADER_O,AMD,4,3.8,0.59,40,0.40,140000,720000,0
SEC-2021-001,TRADER_P,TESLA,1,9.8,0.97,6,0.90,32000,3400000,1
SEC-2021-002,TRADER_Q,COIN,2,8.1,0.91,15,0.76,52000,2300000,1
SEC-2021-003,TRADER_R,RIOT,3,6.8,0.86,20,0.67,75000,1850000,1
SEC-2021-004,TRADER_S,HOOD,4,4.2,0.60,36,0.44,135000,850000,0
SEC-2021-005,TRADER_T,DASH,2,7.9,0.89,10,0.73,58000,2200000,1
SEC-2022-001,TRADER_U,META,1,10.1,0.95,7,0.87,40000,3050000,1
SEC-2022-002,TRADER_V,UBER,2,8.3,0.92,14,0.79,50000,2450000,1
SEC-2022-003,TRADER_W,GOOGL,3,6.6,0.84,23,0.62,82000,1800000,1
SEC-2022-004,TRADER_X,MSFT,4,3.9,0.61,39,0.41,138000,780000,0
SEC-2022-005,TRADER_Y,SNOW,2,8.0,0.90,12,0.74,56000,2280000,1
SEC-2023-001,TRADER_Z,AI,1,9.7,0.96,8,0.89,35000,3200000,1
SEC-2023-002,TRADER_AA,PLTR,2,7.6,0.87,17,0.71,62000,2150000,1
SEC-2023-003,TRADER_AB,RBLX,3,6.4,0.83,24,0.61,85000,1700000,1
SEC-2023-004,TRADER_AC,C,4,4.0,0.59,37,0.43,133000,900000,0
SEC-2023-005,TRADER_AD,WFC,2,8.2,0.91,13,0.77,51000,2350000,1
